<?xml version="1.0" encoding="UTF-8"?>
<beans xmlns="http://www.springframework.org/schema/beans"
	xmlns:xsi="http://www.w3.org/2001/XMLSchema-instance"
	xmlns:context="http://www.springframework.org/schema/context"
	xmlns:p="http://www.springframework.org/schema/p"
	xsi:schemaLocation="http://www.springframework.org/schema/beans
	 http://www.springframework.org/schema/beans/spring-beans-3.1.xsd 
           http://www.springframework.org/schema/util 
           http://www.springframework.org/schema/util/spring-util.xsd
           http://www.springframework.org/schema/context/spring-context-3.1.xsd"
</beans>
< <http autoconfig="true">
<intercept-url pattern ="/**" access ="user"/>
</http> >
<authentication-manager>
<authentication-provider>
<user-service>
<user name="saba" password="pass1" authority="user"/>

</user-service>
</authentication-provider>

</authentication-manager>